-- phpMyAdmin SQL Dump
-- version 4.5.1
-- http://www.phpmyadmin.net
--
-- Host: 127.0.0.1
-- Generation Time: 02 Jan 2023 pada 14.57
-- Versi Server: 10.1.19-MariaDB
-- PHP Version: 5.6.28

SET SQL_MODE = "NO_AUTO_VALUE_ON_ZERO";
SET time_zone = "+00:00";


/*!40101 SET @OLD_CHARACTER_SET_CLIENT=@@CHARACTER_SET_CLIENT */;
/*!40101 SET @OLD_CHARACTER_SET_RESULTS=@@CHARACTER_SET_RESULTS */;
/*!40101 SET @OLD_COLLATION_CONNECTION=@@COLLATION_CONNECTION */;
/*!40101 SET NAMES utf8mb4 */;

--
-- Database: `sekolahkita`
--

-- --------------------------------------------------------

--
-- Struktur dari tabel `tbl_agenda`
--

CREATE TABLE `tbl_agenda` (
  `agenda_id` int(11) NOT NULL,
  `agenda_nama` varchar(200) DEFAULT NULL,
  `agenda_tanggal` timestamp NULL DEFAULT CURRENT_TIMESTAMP,
  `agenda_deskripsi` text,
  `agenda_mulai` date DEFAULT NULL,
  `agenda_selesai` date DEFAULT NULL,
  `agenda_tempat` varchar(90) DEFAULT NULL,
  `agenda_waktu` varchar(30) DEFAULT NULL,
  `agenda_keterangan` varchar(200) DEFAULT NULL,
  `agenda_author` varchar(60) DEFAULT NULL
) ENGINE=InnoDB DEFAULT CHARSET=latin1;

--
-- Dumping data untuk tabel `tbl_agenda`
--

INSERT INTO `tbl_agenda` (`agenda_id`, `agenda_nama`, `agenda_tanggal`, `agenda_deskripsi`, `agenda_mulai`, `agenda_selesai`, `agenda_tempat`, `agenda_waktu`, `agenda_keterangan`, `agenda_author`) VALUES
(9, 'ssssq', '2022-12-29 03:40:53', 'dzg', '0000-00-00', '0000-00-00', 'mall', '11.00-10.00', 'fxxfxgffg', 'kkk');

-- --------------------------------------------------------

--
-- Struktur dari tabel `tbl_album`
--

CREATE TABLE `tbl_album` (
  `album_id` int(11) NOT NULL,
  `album_nama` varchar(50) DEFAULT NULL,
  `album_tanggal` timestamp NULL DEFAULT CURRENT_TIMESTAMP,
  `album_pengguna_id` int(11) DEFAULT NULL,
  `album_author` varchar(60) DEFAULT NULL,
  `album_count` int(11) DEFAULT '0',
  `album_cover` varchar(40) DEFAULT NULL
) ENGINE=InnoDB DEFAULT CHARSET=latin1;

--
-- Dumping data untuk tabel `tbl_album`
--

INSERT INTO `tbl_album` (`album_id`, `album_nama`, `album_tanggal`, `album_pengguna_id`, `album_author`, `album_count`, `album_cover`) VALUES
(5, 'ffff', '2022-12-29 03:44:06', 2, 'kkk', 1, '92732b603ebd37a85d1cfad525895c67.png');

-- --------------------------------------------------------

--
-- Struktur dari tabel `tbl_banners`
--

CREATE TABLE `tbl_banners` (
  `id` int(11) NOT NULL,
  `title` varchar(255) NOT NULL,
  `text` varchar(255) NOT NULL,
  `photo` varchar(100) NOT NULL
) ENGINE=InnoDB DEFAULT CHARSET=latin1;

--
-- Dumping data untuk tabel `tbl_banners`
--

INSERT INTO `tbl_banners` (`id`, `title`, `text`, `photo`) VALUES
(0, 'NAsi Adalah SEBUAH KARBOHIDRAT', 'AKu Makan Nasi', 'adb2a71cf4c59dbd387bbf5b798ced68.jpeg'),
(2, 'SMK MUHAMMADIYAH 09 PACIRAN ', 'Beprestasi , Berakhlak , Sopan dan Santun ', '736c498e7ed4b42f086d535fed871db1.jpg'),
(3, 'SMK MUHAMMADIYAH 09 PACIRAN  2', 'Beprestasi , Berakhlak , Sopan dan Santun ', '736c498e7ed4b42f086d535fed871db1.jpg');

-- --------------------------------------------------------

--
-- Struktur dari tabel `tbl_fasilitas`
--

CREATE TABLE `tbl_fasilitas` (
  `id` int(5) NOT NULL,
  `ket` varchar(30) NOT NULL,
  `foto` varchar(100) NOT NULL
) ENGINE=InnoDB DEFAULT CHARSET=latin1;

--
-- Dumping data untuk tabel `tbl_fasilitas`
--

INSERT INTO `tbl_fasilitas` (`id`, `ket`, `foto`) VALUES
(1, 'Labotarium Komputer', 'b32e6036a961ee60093d1e57faed4eda.jpg'),
(2, 'bbbbbbbbbbbbbbb', '000f23940c94881193e19677defe3273.jpg'),
(3, 'Lapangan Sekolah', 'f469c2387408c4c4f0a77f5ffbc1df66.jpeg'),
(4, 'Bangunan Sekolah', '7361ca3d02ecf76801d35f2434175769.jpeg');

-- --------------------------------------------------------

--
-- Struktur dari tabel `tbl_files`
--

CREATE TABLE `tbl_files` (
  `file_id` int(11) NOT NULL,
  `file_judul` varchar(120) DEFAULT NULL,
  `file_deskripsi` text,
  `file_tanggal` timestamp NULL DEFAULT CURRENT_TIMESTAMP,
  `file_oleh` varchar(60) DEFAULT NULL,
  `file_download` int(11) DEFAULT '0',
  `file_data` varchar(120) DEFAULT NULL
) ENGINE=InnoDB DEFAULT CHARSET=latin1;

--
-- Dumping data untuk tabel `tbl_files`
--

INSERT INTO `tbl_files` (`file_id`, `file_judul`, `file_deskripsi`, `file_tanggal`, `file_oleh`, `file_download`, `file_data`) VALUES
(2, 'Dasar-dasar CSS', 'Modul dasar-dasar CSS 3. Modul ini membantu anda untuk memahami struktur dasar CSS', '2017-01-23 04:30:01', 'Drs. Joko', 0, 'ab9a183ff240deadbedaff78e639af2f.pdf'),
(3, '14 Teknik Komunikasi Yang Paling Efektif', 'Ebook 14 teknik komunikasi paling efektif membantu anda untuk berkomunikasi dengan baik dan benar', '2017-01-23 15:26:06', 'Drs. Joko', 0, 'ab2cb34682bd94f30f2347523112ffb9.pdf'),
(4, 'Bagaimana Membentuk Pola Pikir yang Baru', 'Ebook ini membantu anda membentuk pola pikir baru.', '2017-01-23 15:27:07', 'Drs. Joko', 0, '30f588eb5c55324f8d18213f11651855.pdf'),
(5, '7 Tips Penting mengatasi Kritik', '7 Tips Penting mengatasi Kritik', '2017-01-23 15:27:44', 'Drs. Joko', 0, '329a62b25ad475a148e1546aa3db41de.docx'),
(6, '8 Racun dalam kehidupan kita', '8 Racun dalam kehidupan kita', '2017-01-23 15:28:17', 'Drs. Joko', 0, '8e38ad4948ba13758683dea443fbe6be.docx'),
(7, 'Jurnal Teknolgi Informasi', 'Jurnal Teknolgi Informasi', '2017-01-25 03:18:53', 'Gunawan, S.Pd', 0, '87ae0f009714ddfdd79e2977b2a64632.pdf'),
(8, 'Jurnal Teknolgi Informasi 2', 'Jurnal Teknolgi Informasi', '2017-01-25 03:19:22', 'Gunawan, S.Pd', 0, 'c4e966ba2c6e142155082854dc5b3602.pdf'),
(9, 'Naskah Publikasi IT', 'Naskah Teknolgi Informasi', '2017-01-25 03:21:04', 'Gunawan, S.Pd', 0, '71380b3cf16a17a02382098c028ece9c.pdf'),
(10, 'Modul Teknologi Informasi', 'Modul Teknologi Informasi', '2017-01-25 03:22:08', 'Gunawan, S.Pd', 0, '029143a3980232ab2900d94df36dbb0c.pdf'),
(11, 'Modul Teknologi Informasi Part II', 'Modul Teknologi Informasi', '2017-01-25 03:22:54', 'Gunawan, S.Pd', 0, 'ea8f3f732576083156e509657614f551.pdf'),
(12, 'Modul Teknologi Informasi Part III', 'Modul Teknologi Informasi', '2017-01-25 03:23:21', 'Gunawan, S.Pd', 0, 'c5e5e7d16e4cd6c3d22c11f64b0db2af.pdf');

-- --------------------------------------------------------

--
-- Struktur dari tabel `tbl_galeri`
--

CREATE TABLE `tbl_galeri` (
  `galeri_id` int(11) NOT NULL,
  `galeri_judul` varchar(60) DEFAULT NULL,
  `galeri_tanggal` timestamp NULL DEFAULT CURRENT_TIMESTAMP,
  `galeri_gambar` varchar(40) DEFAULT NULL,
  `galeri_album_id` int(11) DEFAULT NULL,
  `galeri_pengguna_id` int(11) DEFAULT NULL,
  `galeri_author` varchar(60) DEFAULT NULL
) ENGINE=InnoDB DEFAULT CHARSET=latin1;

--
-- Dumping data untuk tabel `tbl_galeri`
--

INSERT INTO `tbl_galeri` (`galeri_id`, `galeri_judul`, `galeri_tanggal`, `galeri_gambar`, `galeri_album_id`, `galeri_pengguna_id`, `galeri_author`) VALUES
(4, 'Diskusi Pemilihan Ketua Osis', '2017-01-21 14:04:53', '5f8436e2c30570dfe2114f05af5e9215.jpg', 3, 1, 'Muris Studio'),
(5, 'Panitia Pemilu Osis', '2017-01-22 04:13:20', '504cd9e83e047becee6ec32e4af7e534.jpg', 3, 1, 'Muris Studio'),
(6, 'Proses Pemilu Osis', '2017-01-22 04:13:43', '83f7e70d0f89f2d8a7695e5f7059418f.jpg', 3, 1, 'Muris Studio'),
(7, 'Belajar dengan native speaker', '2017-01-24 01:26:22', 'd884f7fe18efebd07d7725ecf3bf3481.jpg', 1, 1, 'Muris Studio'),
(8, 'Diskusi dengan native speaker', '2017-01-24 01:27:05', 'f652521a6c283c2df9da808cc4aae1c6.jpg', 1, 1, 'Muris Studio'),
(9, 'Foto bareng native speaker', '2017-01-24 01:27:28', '69fc9bf961e3aac2fc79af00922b3933.png', 1, 1, 'Muris Studio'),
(10, 'Foto bareng native speaker', '2017-01-24 01:28:40', '853f2d57da50c6f516944a6cec68c694.jpg', 1, 1, 'Muris Studio'),
(11, 'Foto bareng native speaker', '2017-01-24 01:28:54', 'f92d6de4457a33e5a1d957b0e3d20335.jpg', 1, 1, 'Muris Studio'),
(12, 'Belajar sambil bermain', '2017-01-24 01:31:42', '5e3c09430ba03b2e60de6c06c6dbafec.jpg', 4, 1, 'Muris Studio'),
(13, 'Belajar sambil bermain', '2017-01-24 01:31:55', 'e4d51d428be01628693b4bff4e453463.jpg', 4, 1, 'Muris Studio'),
(14, 'Belajar komputer programming', '2017-01-24 01:32:24', 'a23dcd7e6b129257fd03d7198fe1bb49.jpg', 4, 1, 'Muris Studio'),
(15, 'Belajar komputer programming', '2017-01-24 01:32:34', 'cf0585d2d5a627639ef4ed48beab65c2.jpg', 4, 1, 'Muris Studio'),
(16, 'Belajar komputer programming', '2017-01-24 01:32:44', 'e53b596a6a821179169c647ffdaebd10.jpg', 4, 1, 'Muris Studio'),
(17, 'Belajar sambil bermain', '2017-01-24 01:33:08', 'e8ec9657a6c5ff5eea059785c949b5ce.jpg', 4, 1, 'Muris Studio'),
(18, 'Makan bersama', '2017-01-24 01:33:24', 'a92df7b3e7a8488f0e8ca186e6551194.jpg', 4, 1, 'Muris Studio'),
(19, 'Foto Bersama', '2022-12-29 03:44:36', '2ba5111001f1c06f7570fa5bb9d650bf.jpg', 5, 2, 'kkk');

-- --------------------------------------------------------

--
-- Struktur dari tabel `tbl_guru`
--

CREATE TABLE `tbl_guru` (
  `guru_id` int(11) NOT NULL,
  `guru_nip` varchar(30) DEFAULT NULL,
  `guru_nama` varchar(70) DEFAULT NULL,
  `guru_jenkel` varchar(2) DEFAULT NULL,
  `guru_tmp_lahir` varchar(80) DEFAULT NULL,
  `guru_tgl_lahir` varchar(80) DEFAULT NULL,
  `guru_mapel` varchar(120) DEFAULT NULL,
  `guru_photo` varchar(40) DEFAULT NULL,
  `guru_tgl_input` timestamp NULL DEFAULT CURRENT_TIMESTAMP
) ENGINE=InnoDB DEFAULT CHARSET=latin1;

--
-- Dumping data untuk tabel `tbl_guru`
--

INSERT INTO `tbl_guru` (`guru_id`, `guru_nip`, `guru_nama`, `guru_jenkel`, `guru_tmp_lahir`, `guru_tgl_lahir`, `guru_mapel`, `guru_photo`, `guru_tgl_input`) VALUES
(1, '-', 'Nensy Larasati,S.Pd.', 'L', 'Bandung', '25 September 1993', 'Bahasa Jawa	', 'a9cbe86849c837cc0931eff7b9991d00.png', '2017-01-26 07:49:43'),
(2, '927482658274981', 'Mei Indri, S.Pd', 'L', 'Purwokerto', '25 Juni 2020', 'Bahasa Indonesia	', '792ef9e0267a1b021c9b99763a980a0b.jpg', '2017-01-26 13:38:54');

-- --------------------------------------------------------

--
-- Struktur dari tabel `tbl_inbox`
--

CREATE TABLE `tbl_inbox` (
  `inbox_id` int(11) NOT NULL,
  `inbox_nama` varchar(40) DEFAULT NULL,
  `inbox_email` varchar(60) DEFAULT NULL,
  `inbox_kontak` varchar(20) DEFAULT NULL,
  `inbox_pesan` text,
  `inbox_tanggal` timestamp NULL DEFAULT CURRENT_TIMESTAMP,
  `inbox_status` int(11) DEFAULT '1' COMMENT '1=Belum dilihat, 0=Telah dilihat'
) ENGINE=InnoDB DEFAULT CHARSET=latin1;

--
-- Dumping data untuk tabel `tbl_inbox`
--

INSERT INTO `tbl_inbox` (`inbox_id`, `inbox_nama`, `inbox_email`, `inbox_kontak`, `inbox_pesan`, `inbox_tanggal`, `inbox_status`) VALUES
(2, 'M Fikri Setiadi', 'fikrifiver97@gmail.com', '-', 'Ping !', '2017-06-21 03:44:12', 0),
(3, 'M Fikri Setiadi', 'fikrifiver97@gmail.com', '-', 'Ini adalah pesan ', '2017-06-21 03:45:57', 0),
(5, 'M Fikri Setiadi', 'fikrifiver97@gmail.com', '-', 'Ping !', '2017-06-21 03:53:19', 0),
(7, 'M Fikri Setiadi', 'fikrifiver97@gmail.com', '-', 'Hi, there!', '2017-07-01 07:28:08', 0),
(8, 'M Fikri', 'fikrifiver97@gmail.com', '084375684364', 'Hi There, Would you please help me about register?', '2018-08-06 13:51:07', 0);

-- --------------------------------------------------------

--
-- Struktur dari tabel `tbl_kategori`
--

CREATE TABLE `tbl_kategori` (
  `kategori_id` int(11) NOT NULL,
  `kategori_nama` varchar(30) DEFAULT NULL,
  `kategori_tanggal` timestamp NULL DEFAULT CURRENT_TIMESTAMP
) ENGINE=InnoDB DEFAULT CHARSET=latin1;

--
-- Dumping data untuk tabel `tbl_kategori`
--

INSERT INTO `tbl_kategori` (`kategori_id`, `kategori_nama`, `kategori_tanggal`) VALUES
(1, 'Pendidikan', '2016-09-06 05:49:04'),
(2, 'Politik', '2016-09-06 05:50:01'),
(3, 'Sains', '2016-09-06 05:59:39'),
(5, 'Penelitian', '2016-09-06 06:19:26'),
(6, 'Prestasi', '2016-09-07 02:51:09'),
(13, 'Olah Raga', '2017-01-13 13:20:31');

-- --------------------------------------------------------

--
-- Struktur dari tabel `tbl_kelas`
--

CREATE TABLE `tbl_kelas` (
  `kelas_id` int(11) NOT NULL,
  `kelas_nama` varchar(40) DEFAULT NULL
) ENGINE=InnoDB DEFAULT CHARSET=latin1;

--
-- Dumping data untuk tabel `tbl_kelas`
--

INSERT INTO `tbl_kelas` (`kelas_id`, `kelas_nama`) VALUES
(1, 'Kelas X.1'),
(2, 'Kelas X.2'),
(3, 'Kelas X.3'),
(4, 'Kelas X.4'),
(5, 'Kelas X.5'),
(6, 'Kelas X.6'),
(7, 'Kelas X.7'),
(8, 'Kelas XI IPA.1'),
(9, 'Kelas XI IPA.2'),
(10, 'Kelas XI IPA.3'),
(11, 'Kelas XI IPA.4'),
(12, 'Kelas XI IPA.5'),
(13, 'Kelas XI IPA.6'),
(14, 'Kelas XI IPA.7'),
(15, 'Kelas XI IPS.1'),
(16, 'Kelas XI IPS.2'),
(17, 'Kelas XI IPS.3'),
(18, 'Kelas XI IPS.4'),
(19, 'Kelas XI IPS.5'),
(20, 'Kelas XI IPS.6'),
(21, 'Kelas XI IPS.7');

-- --------------------------------------------------------

--
-- Struktur dari tabel `tbl_komentar`
--

CREATE TABLE `tbl_komentar` (
  `komentar_id` int(11) NOT NULL,
  `komentar_nama` varchar(30) DEFAULT NULL,
  `komentar_email` varchar(50) DEFAULT NULL,
  `komentar_isi` varchar(120) DEFAULT NULL,
  `komentar_tanggal` timestamp NULL DEFAULT CURRENT_TIMESTAMP,
  `komentar_status` varchar(2) DEFAULT NULL,
  `komentar_tulisan_id` int(11) DEFAULT NULL,
  `komentar_parent` int(11) DEFAULT '0'
) ENGINE=InnoDB DEFAULT CHARSET=latin1;

--
-- Dumping data untuk tabel `tbl_komentar`
--

INSERT INTO `tbl_komentar` (`komentar_id`, `komentar_nama`, `komentar_email`, `komentar_isi`, `komentar_tanggal`, `komentar_status`, `komentar_tulisan_id`, `komentar_parent`) VALUES
(1, 'M Fikri', 'fikrifiver97@gmail.com', ' Nice Post.', '2018-08-07 15:09:07', '1', 24, 0),
(2, 'M Fikri Setiadi', 'fikrifiver97@gmail.com', ' Awesome Post', '2018-08-07 15:14:26', '1', 24, 0),
(3, 'Joko', 'joko@gmail.com', 'Thank you.', '2018-08-08 03:54:56', '1', 24, 1);

-- --------------------------------------------------------

--
-- Struktur dari tabel `tbl_log_aktivitas`
--

CREATE TABLE `tbl_log_aktivitas` (
  `log_id` int(11) NOT NULL,
  `log_nama` text,
  `log_tanggal` timestamp NULL DEFAULT CURRENT_TIMESTAMP,
  `log_ip` varchar(20) DEFAULT NULL,
  `log_pengguna_id` int(11) DEFAULT NULL,
  `log_icon` blob,
  `log_jenis_icon` varchar(50) DEFAULT NULL
) ENGINE=InnoDB DEFAULT CHARSET=latin1;

-- --------------------------------------------------------

--
-- Struktur dari tabel `tbl_mapel`
--

CREATE TABLE `tbl_mapel` (
  `id_mapel` int(11) NOT NULL,
  `nama_mapel` varchar(100) NOT NULL,
  `keterangan_mapel` text NOT NULL
) ENGINE=InnoDB DEFAULT CHARSET=latin1;

--
-- Dumping data untuk tabel `tbl_mapel`
--

INSERT INTO `tbl_mapel` (`id_mapel`, `nama_mapel`, `keterangan_mapel`) VALUES
(2, 'IPA', 'Belajar IPA'),
(3, 'IPS', 'Belajar IPS'),
(4, 'Bahasa Inggris', 'Bahasa Inggris');

-- --------------------------------------------------------

--
-- Struktur dari tabel `tbl_pengaturan`
--

CREATE TABLE `tbl_pengaturan` (
  `id_pengaturan` int(11) NOT NULL,
  `visi` varchar(200) NOT NULL,
  `misi` varchar(200) NOT NULL,
  `sejarah` text NOT NULL
) ENGINE=InnoDB DEFAULT CHARSET=utf8mb4;

--
-- Dumping data untuk tabel `tbl_pengaturan`
--

INSERT INTO `tbl_pengaturan` (`id_pengaturan`, `visi`, `misi`, `sejarah`) VALUES
(1, 'aaaaaaaaaaaaaaaaaaaaaaaaaaaaaa similique quae maiores consectetur ', 'Lorem ipsum, dolor sit amet, consectetur adipisicing elit. Eveniet impedit nulla beatae quos distinctio alias odio quas, unde voluptas accusantium incidunt illo deserunt, nihil amet necessitatibus exe', 'Lorem ipsum dolor sit, amet consectetur, adipisicing elit. Dolore voluptatum praesentium debitis, alias ut amet, quod ab possimus iusto voluptas laudantium nemo quos, blanditiis iste omnis deleniti itaque accusamus nihil quidem est. Ipsa harum voluptatem iste velit porro, ad debitis molestiae. Reiciendis dolorem libero eaque assumenda et voluptas reprehenderit iste mollitia, commodi error harum, cum facere maxime adipisci ex ipsam sequi. Officiis non incidunt, dicta inventore in ducimus quo unde error id sapiente tempora, natus repellendus est adipisci quae, a numquam aut doloremque, consequatur aliquid. Esse magni aperiam similique optio recusandae quisquam odit tempora dicta unde, autem? Nihil tenetur deleniti ipsum commodi molestias hic, excepturi, minima iste quibusdam fugiat doloremque velit omnis nostrum dignissimos officia! Cupiditate, veritatis, cum! Repellendus consequuntur, quibusdam quo ut error aspernatur ipsam voluptatem fuga eius, molestiae.');

-- --------------------------------------------------------

--
-- Struktur dari tabel `tbl_pengguna`
--

CREATE TABLE `tbl_pengguna` (
  `pengguna_id` int(11) NOT NULL,
  `pengguna_nama` varchar(50) DEFAULT NULL,
  `pengguna_moto` varchar(100) DEFAULT NULL,
  `pengguna_jenkel` varchar(2) DEFAULT NULL,
  `pengguna_username` varchar(30) DEFAULT NULL,
  `pengguna_password` varchar(35) DEFAULT NULL,
  `pengguna_tentang` text,
  `pengguna_email` varchar(50) DEFAULT NULL,
  `pengguna_nohp` varchar(20) DEFAULT NULL,
  `pengguna_facebook` varchar(35) DEFAULT NULL,
  `pengguna_twitter` varchar(35) DEFAULT NULL,
  `pengguna_linkdin` varchar(35) DEFAULT NULL,
  `pengguna_google_plus` varchar(35) DEFAULT NULL,
  `pengguna_status` int(2) DEFAULT '1',
  `pengguna_level` varchar(3) DEFAULT NULL,
  `pengguna_register` timestamp NULL DEFAULT CURRENT_TIMESTAMP,
  `pengguna_photo` varchar(40) DEFAULT NULL
) ENGINE=InnoDB DEFAULT CHARSET=latin1;

--
-- Dumping data untuk tabel `tbl_pengguna`
--

INSERT INTO `tbl_pengguna` (`pengguna_id`, `pengguna_nama`, `pengguna_moto`, `pengguna_jenkel`, `pengguna_username`, `pengguna_password`, `pengguna_tentang`, `pengguna_email`, `pengguna_nohp`, `pengguna_facebook`, `pengguna_twitter`, `pengguna_linkdin`, `pengguna_google_plus`, `pengguna_status`, `pengguna_level`, `pengguna_register`, `pengguna_photo`) VALUES
(1, 'Ajijon', 'a', 'L', 'akuadmin', '21232f297a57a5a743894a0e4a801fc3', '\\', 'itzonefutur@gmail.com', '08755547645', '-', '-', '', '', 1, '1', '2020-09-03 06:07:55', '6ff896557768354eae9f9add764707f2.jpg'),
(2, 'kkk', NULL, 'L', 'user', '6ad14ba9986e3615423dfca256d04e3f', NULL, 'user@mail.com', '134141341354', NULL, NULL, NULL, NULL, 1, '2', '2022-12-29 03:31:55', '8ea74dd021d956683ca067546edaa8eb.jpg');

-- --------------------------------------------------------

--
-- Struktur dari tabel `tbl_pengumuman`
--

CREATE TABLE `tbl_pengumuman` (
  `pengumuman_id` int(11) NOT NULL,
  `pengumuman_judul` varchar(150) DEFAULT NULL,
  `pengumuman_deskripsi` text,
  `pengumuman_tanggal` timestamp NULL DEFAULT CURRENT_TIMESTAMP,
  `pengumuman_author` varchar(60) DEFAULT NULL
) ENGINE=InnoDB DEFAULT CHARSET=latin1;

--
-- Dumping data untuk tabel `tbl_pengumuman`
--

INSERT INTO `tbl_pengumuman` (`pengumuman_id`, `pengumuman_judul`, `pengumuman_deskripsi`, `pengumuman_tanggal`, `pengumuman_author`) VALUES
(9, 'frsarta', 'gdzhfzhfzxf hgxf', '2022-12-29 03:39:21', 'kkk');

-- --------------------------------------------------------

--
-- Struktur dari tabel `tbl_pengunjung`
--

CREATE TABLE `tbl_pengunjung` (
  `pengunjung_id` int(11) NOT NULL,
  `pengunjung_tanggal` timestamp NULL DEFAULT CURRENT_TIMESTAMP,
  `pengunjung_ip` varchar(40) DEFAULT NULL,
  `pengunjung_perangkat` varchar(100) DEFAULT NULL
) ENGINE=InnoDB DEFAULT CHARSET=latin1;

--
-- Dumping data untuk tabel `tbl_pengunjung`
--

INSERT INTO `tbl_pengunjung` (`pengunjung_id`, `pengunjung_tanggal`, `pengunjung_ip`, `pengunjung_perangkat`) VALUES
(930, '2018-08-09 08:04:59', '::1', 'Chrome'),
(931, '2020-04-30 09:24:35', '::1', 'Chrome'),
(932, '2020-04-30 17:03:42', '::1', 'Chrome'),
(933, '2020-04-30 17:17:54', '192.168.43.1', 'Chrome'),
(934, '2020-05-01 18:28:26', '::1', 'Chrome'),
(935, '2020-05-01 21:12:36', '192.168.43.1', 'Chrome'),
(936, '2020-05-02 12:58:12', '192.168.43.22', 'Chrome'),
(937, '2020-05-02 17:19:17', '::1', 'Firefox'),
(938, '2020-05-02 17:41:38', '192.168.43.22', 'Chrome'),
(939, '2020-05-02 18:07:26', '192.168.43.1', 'Chrome'),
(940, '2020-05-03 21:17:35', '::1', 'Chrome'),
(941, '2020-05-04 22:36:09', '::1', 'Chrome'),
(942, '2020-05-05 21:10:13', '::1', 'Chrome'),
(943, '2020-05-05 21:32:53', '192.168.43.1', 'Chrome'),
(944, '2022-12-22 12:28:57', '127.0.0.1', 'Firefox'),
(945, '2022-12-23 08:42:55', '127.0.0.1', 'Firefox'),
(946, '2022-12-27 14:36:50', '::1', 'Chrome'),
(947, '2022-12-28 00:19:56', '127.0.0.1', 'Firefox'),
(948, '2022-12-28 03:06:44', '::1', 'Chrome'),
(949, '2022-12-29 02:08:12', '127.0.0.1', 'Firefox'),
(950, '2022-12-29 02:10:02', '::1', 'Chrome'),
(951, '2022-12-30 00:51:25', '::1', 'Chrome'),
(952, '2022-12-30 11:01:06', '127.0.0.1', 'Firefox'),
(953, '2022-12-31 00:53:21', '::1', 'Chrome'),
(954, '2022-12-31 17:09:44', '::1', 'Chrome'),
(955, '2023-01-01 03:45:58', '127.0.0.1', 'Firefox'),
(956, '2023-01-02 01:09:13', '127.0.0.1', 'Firefox'),
(957, '2023-01-02 01:27:05', '::1', 'Chrome');

-- --------------------------------------------------------

--
-- Struktur dari tabel `tbl_prestasi`
--

CREATE TABLE `tbl_prestasi` (
  `id` int(5) NOT NULL,
  `ket` varchar(30) NOT NULL,
  `foto` varchar(100) NOT NULL
) ENGINE=InnoDB DEFAULT CHARSET=latin1;

--
-- Dumping data untuk tabel `tbl_prestasi`
--

INSERT INTO `tbl_prestasi` (`id`, `ket`, `foto`) VALUES
(0, 'bbbbbbbbbbbbbbb', 'b1b7c5f7e227a8c3ec6969880ea5c01a.jpg');

-- --------------------------------------------------------

--
-- Struktur dari tabel `tbl_siswa`
--

CREATE TABLE `tbl_siswa` (
  `siswa_id` int(11) NOT NULL,
  `siswa_nis` varchar(20) DEFAULT NULL,
  `siswa_nama` varchar(70) DEFAULT NULL,
  `siswa_jenkel` varchar(2) DEFAULT NULL,
  `siswa_kelas_id` int(11) DEFAULT NULL,
  `siswa_photo` varchar(40) DEFAULT NULL
) ENGINE=InnoDB DEFAULT CHARSET=latin1;

--
-- Dumping data untuk tabel `tbl_siswa`
--

INSERT INTO `tbl_siswa` (`siswa_id`, `siswa_nis`, `siswa_nama`, `siswa_jenkel`, `siswa_kelas_id`, `siswa_photo`) VALUES
(1, '9287482', 'Alvaro Sanchez', 'L', 8, '083d547659a2d4bb15c0322d15955da5.png'),
(2, '9287483', 'Ririn Cantika', 'P', 8, '74eec6ad37550cc12fe8fa83d46878af.jpg'),
(4, '123083', 'Ari Hidayat', 'L', 1, 'e371e67618ad53c99de380782c373023.png'),
(5, '123084', 'Irma Chaiyo', 'P', 1, '1e148b42c71562841ba3018fc97b748a.png'),
(6, '123085', 'Nadila Ginting', 'P', 1, '8125da21f903803b6992214967239ab3.png'),
(7, '123086', 'Anna Marina', 'P', 1, '33eaf3e3faf28a0fe31670c022f641f1.png'),
(8, '123086', 'Dhea Lubis', 'P', 1, '03e651410e969c3c26e8e0d35380470d.png'),
(9, '123087', 'Nadia Ginting', 'P', 1, 'd7823f8d98d376c085aa284a54d63264.png'),
(10, '123088', 'Mita Febrina', 'P', 1, 'eca0280a4a57c911ee68b8318d1e517f.png'),
(11, '123089', 'Elizabeth ', 'P', 1, 'ec1232a08d650bc8c3197c9db95a7fc8.png'),
(12, '123090', 'Della Guswono', 'P', 1, '6c82fce13bb3eff1fd2e897b2c3cfeeb.png');

-- --------------------------------------------------------

--
-- Struktur dari tabel `tbl_testimoni`
--

CREATE TABLE `tbl_testimoni` (
  `testimoni_id` int(11) NOT NULL,
  `testimoni_nama` varchar(30) DEFAULT NULL,
  `testimoni_isi` varchar(120) DEFAULT NULL,
  `testimoni_email` varchar(35) DEFAULT NULL,
  `testimoni_tanggal` timestamp NULL DEFAULT CURRENT_TIMESTAMP
) ENGINE=InnoDB DEFAULT CHARSET=latin1;

-- --------------------------------------------------------

--
-- Struktur dari tabel `tbl_tulisan`
--

CREATE TABLE `tbl_tulisan` (
  `tulisan_id` int(11) NOT NULL,
  `tulisan_judul` varchar(100) DEFAULT NULL,
  `tulisan_isi` text,
  `tulisan_tanggal` timestamp NULL DEFAULT CURRENT_TIMESTAMP,
  `tulisan_kategori_id` int(11) DEFAULT NULL,
  `tulisan_kategori_nama` varchar(30) DEFAULT NULL,
  `tulisan_views` int(11) DEFAULT '0',
  `tulisan_gambar` varchar(40) DEFAULT NULL,
  `tulisan_pengguna_id` int(11) DEFAULT NULL,
  `tulisan_author` varchar(40) DEFAULT NULL,
  `tulisan_img_slider` int(2) NOT NULL DEFAULT '0',
  `tulisan_slug` varchar(200) DEFAULT NULL
) ENGINE=InnoDB DEFAULT CHARSET=latin1;

--
-- Dumping data untuk tabel `tbl_tulisan`
--

INSERT INTO `tbl_tulisan` (`tulisan_id`, `tulisan_judul`, `tulisan_isi`, `tulisan_tanggal`, `tulisan_kategori_id`, `tulisan_kategori_nama`, `tulisan_views`, `tulisan_gambar`, `tulisan_pengguna_id`, `tulisan_author`, `tulisan_img_slider`, `tulisan_slug`) VALUES
(27, 'jgxhxhhgvn gxhfzxyr', '<p>lorem nvcjcjgcj&nbsp; jctxcut</p>\r\n', '2022-12-29 03:42:16', 1, 'Pendidikan', 0, 'af73e70e273852b4ad0e68d07c85d980.png', 2, 'kkk', 0, 'jgxhxhhgvn-gxhfzxyr');

-- --------------------------------------------------------

--
-- Struktur dari tabel `tbl_video`
--

CREATE TABLE `tbl_video` (
  `id_video` int(11) NOT NULL,
  `id_mapel` int(11) NOT NULL,
  `kelas_id` int(11) NOT NULL,
  `kode_video` varchar(100) NOT NULL,
  `judul_video` varchar(150) NOT NULL,
  `deskripsi_video` text NOT NULL
) ENGINE=InnoDB DEFAULT CHARSET=latin1;

--
-- Dumping data untuk tabel `tbl_video`
--

INSERT INTO `tbl_video` (`id_video`, `id_mapel`, `kelas_id`, `kode_video`, `judul_video`, `deskripsi_video`) VALUES
(2, 3, 2, 'EdQE_oeU2yo', 'Materi IPS Kelas 7 Semester Genap Bab III', 'Materi IPS Kelas 7 Semester Genap Bab III'),
(3, 3, 15, 'z2VF7j2RBzM', 'Materi IPS Kelas 8 k13 (Perlawanan Terhadap Kolonialisme dan Imperialisme) Part 1', 'Materi IPS Kelas 8 k13 (Perlawanan Terhadap Kolonialisme dan Imperialisme) Part 1\r\n\r\n'),
(4, 3, 15, 'lIQBbvBZcqk', 'MATERI IPS MANUSIA DAN LINGKUNGAN, KELAS 4 TEMA 9 SUBTEMA 1', 'MATERI IPS MANUSIA DAN LINGKUNGAN, KELAS 4 TEMA 9 SUBTEMA 1\r\n'),
(5, 3, 17, 'DNoj82nGmK8', 'Materi IPS Kelas 4 SD Tema 9 Subtema 2. Pemanfaatan Sumber Daya Alam', 'Materi IPS Kelas 4 SD Tema 9 Subtema 2. Pemanfaatan Sumber Daya Alam'),
(6, 3, 17, 'kdmnP7Me0xg', 'Video Pembelajaran Kelas 8 K13 - IPS - Perubahan Masyarakat Indonesia pada Masa Penjajahan', 'Video Pembelajaran Kelas 8 K13 - IPS - Perubahan Masyarakat Indonesia pada Masa Penjajahan');

--
-- Indexes for dumped tables
--

--
-- Indexes for table `tbl_agenda`
--
ALTER TABLE `tbl_agenda`
  ADD PRIMARY KEY (`agenda_id`);

--
-- Indexes for table `tbl_album`
--
ALTER TABLE `tbl_album`
  ADD PRIMARY KEY (`album_id`),
  ADD KEY `album_pengguna_id` (`album_pengguna_id`);

--
-- Indexes for table `tbl_banners`
--
ALTER TABLE `tbl_banners`
  ADD PRIMARY KEY (`id`);

--
-- Indexes for table `tbl_fasilitas`
--
ALTER TABLE `tbl_fasilitas`
  ADD PRIMARY KEY (`id`);

--
-- Indexes for table `tbl_files`
--
ALTER TABLE `tbl_files`
  ADD PRIMARY KEY (`file_id`);

--
-- Indexes for table `tbl_galeri`
--
ALTER TABLE `tbl_galeri`
  ADD PRIMARY KEY (`galeri_id`),
  ADD KEY `galeri_album_id` (`galeri_album_id`),
  ADD KEY `galeri_pengguna_id` (`galeri_pengguna_id`);

--
-- Indexes for table `tbl_guru`
--
ALTER TABLE `tbl_guru`
  ADD PRIMARY KEY (`guru_id`);

--
-- Indexes for table `tbl_inbox`
--
ALTER TABLE `tbl_inbox`
  ADD PRIMARY KEY (`inbox_id`);

--
-- Indexes for table `tbl_kategori`
--
ALTER TABLE `tbl_kategori`
  ADD PRIMARY KEY (`kategori_id`);

--
-- Indexes for table `tbl_kelas`
--
ALTER TABLE `tbl_kelas`
  ADD PRIMARY KEY (`kelas_id`);

--
-- Indexes for table `tbl_komentar`
--
ALTER TABLE `tbl_komentar`
  ADD PRIMARY KEY (`komentar_id`),
  ADD KEY `komentar_tulisan_id` (`komentar_tulisan_id`);

--
-- Indexes for table `tbl_log_aktivitas`
--
ALTER TABLE `tbl_log_aktivitas`
  ADD PRIMARY KEY (`log_id`),
  ADD KEY `log_pengguna_id` (`log_pengguna_id`);

--
-- Indexes for table `tbl_mapel`
--
ALTER TABLE `tbl_mapel`
  ADD PRIMARY KEY (`id_mapel`);

--
-- Indexes for table `tbl_pengguna`
--
ALTER TABLE `tbl_pengguna`
  ADD PRIMARY KEY (`pengguna_id`);

--
-- Indexes for table `tbl_pengumuman`
--
ALTER TABLE `tbl_pengumuman`
  ADD PRIMARY KEY (`pengumuman_id`);

--
-- Indexes for table `tbl_pengunjung`
--
ALTER TABLE `tbl_pengunjung`
  ADD PRIMARY KEY (`pengunjung_id`);

--
-- Indexes for table `tbl_siswa`
--
ALTER TABLE `tbl_siswa`
  ADD PRIMARY KEY (`siswa_id`);

--
-- Indexes for table `tbl_testimoni`
--
ALTER TABLE `tbl_testimoni`
  ADD PRIMARY KEY (`testimoni_id`);

--
-- Indexes for table `tbl_tulisan`
--
ALTER TABLE `tbl_tulisan`
  ADD PRIMARY KEY (`tulisan_id`),
  ADD KEY `tulisan_kategori_id` (`tulisan_kategori_id`),
  ADD KEY `tulisan_pengguna_id` (`tulisan_pengguna_id`);

--
-- Indexes for table `tbl_video`
--
ALTER TABLE `tbl_video`
  ADD PRIMARY KEY (`id_video`);

--
-- AUTO_INCREMENT for dumped tables
--

--
-- AUTO_INCREMENT for table `tbl_agenda`
--
ALTER TABLE `tbl_agenda`
  MODIFY `agenda_id` int(11) NOT NULL AUTO_INCREMENT, AUTO_INCREMENT=10;
--
-- AUTO_INCREMENT for table `tbl_album`
--
ALTER TABLE `tbl_album`
  MODIFY `album_id` int(11) NOT NULL AUTO_INCREMENT, AUTO_INCREMENT=6;
--
-- AUTO_INCREMENT for table `tbl_fasilitas`
--
ALTER TABLE `tbl_fasilitas`
  MODIFY `id` int(5) NOT NULL AUTO_INCREMENT, AUTO_INCREMENT=5;
--
-- AUTO_INCREMENT for table `tbl_files`
--
ALTER TABLE `tbl_files`
  MODIFY `file_id` int(11) NOT NULL AUTO_INCREMENT, AUTO_INCREMENT=13;
--
-- AUTO_INCREMENT for table `tbl_galeri`
--
ALTER TABLE `tbl_galeri`
  MODIFY `galeri_id` int(11) NOT NULL AUTO_INCREMENT, AUTO_INCREMENT=20;
--
-- AUTO_INCREMENT for table `tbl_guru`
--
ALTER TABLE `tbl_guru`
  MODIFY `guru_id` int(11) NOT NULL AUTO_INCREMENT, AUTO_INCREMENT=3;
--
-- AUTO_INCREMENT for table `tbl_inbox`
--
ALTER TABLE `tbl_inbox`
  MODIFY `inbox_id` int(11) NOT NULL AUTO_INCREMENT, AUTO_INCREMENT=9;
--
-- AUTO_INCREMENT for table `tbl_kategori`
--
ALTER TABLE `tbl_kategori`
  MODIFY `kategori_id` int(11) NOT NULL AUTO_INCREMENT, AUTO_INCREMENT=14;
--
-- AUTO_INCREMENT for table `tbl_kelas`
--
ALTER TABLE `tbl_kelas`
  MODIFY `kelas_id` int(11) NOT NULL AUTO_INCREMENT, AUTO_INCREMENT=22;
--
-- AUTO_INCREMENT for table `tbl_komentar`
--
ALTER TABLE `tbl_komentar`
  MODIFY `komentar_id` int(11) NOT NULL AUTO_INCREMENT, AUTO_INCREMENT=4;
--
-- AUTO_INCREMENT for table `tbl_log_aktivitas`
--
ALTER TABLE `tbl_log_aktivitas`
  MODIFY `log_id` int(11) NOT NULL AUTO_INCREMENT;
--
-- AUTO_INCREMENT for table `tbl_mapel`
--
ALTER TABLE `tbl_mapel`
  MODIFY `id_mapel` int(11) NOT NULL AUTO_INCREMENT, AUTO_INCREMENT=5;
--
-- AUTO_INCREMENT for table `tbl_pengguna`
--
ALTER TABLE `tbl_pengguna`
  MODIFY `pengguna_id` int(11) NOT NULL AUTO_INCREMENT, AUTO_INCREMENT=3;
--
-- AUTO_INCREMENT for table `tbl_pengumuman`
--
ALTER TABLE `tbl_pengumuman`
  MODIFY `pengumuman_id` int(11) NOT NULL AUTO_INCREMENT, AUTO_INCREMENT=10;
--
-- AUTO_INCREMENT for table `tbl_pengunjung`
--
ALTER TABLE `tbl_pengunjung`
  MODIFY `pengunjung_id` int(11) NOT NULL AUTO_INCREMENT, AUTO_INCREMENT=958;
--
-- AUTO_INCREMENT for table `tbl_siswa`
--
ALTER TABLE `tbl_siswa`
  MODIFY `siswa_id` int(11) NOT NULL AUTO_INCREMENT, AUTO_INCREMENT=13;
--
-- AUTO_INCREMENT for table `tbl_testimoni`
--
ALTER TABLE `tbl_testimoni`
  MODIFY `testimoni_id` int(11) NOT NULL AUTO_INCREMENT;
--
-- AUTO_INCREMENT for table `tbl_tulisan`
--
ALTER TABLE `tbl_tulisan`
  MODIFY `tulisan_id` int(11) NOT NULL AUTO_INCREMENT, AUTO_INCREMENT=28;
--
-- AUTO_INCREMENT for table `tbl_video`
--
ALTER TABLE `tbl_video`
  MODIFY `id_video` int(11) NOT NULL AUTO_INCREMENT, AUTO_INCREMENT=7;
/*!40101 SET CHARACTER_SET_CLIENT=@OLD_CHARACTER_SET_CLIENT */;
/*!40101 SET CHARACTER_SET_RESULTS=@OLD_CHARACTER_SET_RESULTS */;
/*!40101 SET COLLATION_CONNECTION=@OLD_COLLATION_CONNECTION */;
